{
  "pagination": {
    "ListCodeReviews": {
      "input_token": "NextToken",
      "output_token": "NextToken",
      "limit_key": "MaxResults"
    },
    "ListRecommendationFeedback": {
      "input_token": "NextToken",
      "output_token": "NextToken",
      "limit_key": "MaxResults"
    },
    "ListRecommendations": {
      "input_token": "NextToken",
      "output_token": "NextToken",
      "limit_key": "MaxResults"
    },
    "ListRepositoryAssociations": {
      "input_token": "NextToken",
      "output_token": "NextToken",
      "limit_key": "MaxResults"
    },
    "ListThirdPartyRepositories": {
      "input_token": "NextToken",
      "output_token": "NextToken"
    }
  }
}
